{"current":{"background-color":"#ffffff","body-background-use-image":false,"background-image-width":"","background-image-height":"","body-text-color":"#14213d","accent-color":"#d81e05","heading-color":"#14213d","meta-color":"#00b2aa","border-color":"#e4e4e4","slideshow-controls-color":"#ffffff","product-badge-background-color":"#222222","button-color":"#ffffff","secondary-button-background":"#00b2aa","secondary-button-color":"#ffffff","header-tools-color":"#14213d","header-tools-background-color":"#c8f6f0","navigation-color":"#14213d","form-select-background":"#ffffff","form-select-color":"#14213d","form-select-border-color":"#e3e3e3","body-font":"Lato, sans-serif","heading-font":"rabiohead","heading-font-weight":"700","heading-font-small-caps":true,"navigation-font":"rabiohead","navigation-font-weight":"700","navigation-font-small-caps":true,"meta-font":"Lato, sans-serif","meta-font-weight":"700","meta-font-small-caps":true,"button-font":"rabiohead","button-font-weight":"700","button-font-small-caps":true,"use-logo":true,"logo-height":"250","favicon":true,"header-layout":"content-width","header-border":true,"sticky-header":true,"use-sticky-header-logo":true,"mega-nav-trigger":"","mega-nav-image":false,"mega-nav-1":"main-menu","mega-nav-2":"footer","mega-nav-3":"","alternative-index-layout":false,"alternative-index-layout-logo":false,"alternative-index-layout-logo-height":"","alternative-index-layout-title-color":"#ffffff","slideshow":false,"slideshow-layout":"content-width","slideshow-autoplay":true,"slideshow-autoplay-delay":"3","show-slide-1":true,"slide-1-content-alignment":"left","slide-1-overlay-color":"#ffffff","slide-1-title":"","slide-1-subtitle":"","slide-1-cta":"“This bar should be a national treasure.” - Lindsey, in FL","slide-1-url":"http:\/\/www.theyesbar.com\/collections\/say-yes-to-real-food\/products\/black-sesame-sea-salt-6-pack","show-slide-2":true,"slide-2-content-alignment":"left","slide-2-overlay-color":"#ffffff","slide-2-title":"","slide-2-subtitle":"","slide-2-cta":"“This bar promptly blew my mind.” - Laura, in CA","slide-2-url":"http:\/\/www.theyesbar.com\/collections\/say-yes-to-real-food\/products\/mocha-cayenne-6-pack","show-slide-3":true,"slide-3-content-alignment":"left","slide-3-overlay-color":"#494245","slide-3-title":"","slide-3-subtitle":"","slide-3-cta":"“I am now spoiled, it’s the ONLY bar I will eat.” - Diane, in CO","slide-3-url":"http:\/\/www.theyesbar.com\/collections\/say-yes-to-real-food\/products\/macadamia-chocolate-6-pack","show-slide-4":true,"slide-4-content-alignment":"left","slide-4-overlay-color":"#494245","slide-4-title":"","slide-4-subtitle":"","slide-4-cta":"“My whole office fights over these.” - Lee, in NY","slide-4-url":"http:\/\/www.theyesbar.com\/collections\/say-yes-to-real-food\/products\/strawberry-coconut-6-pack","show-slide-5":false,"slide-5-content-alignment":"center","slide-5-overlay-color":"#494245","slide-5-title":"","slide-5-subtitle":"","slide-5-cta":"","slide-5-url":"","masonry-features":true,"masonry-features-layout":"full-width","masonry-features-gutters":true,"masonry-features-animation":true,"masonry-features-hover-text":true,"masonry-feature-1":true,"masonry-feature-1-mobile":true,"masonry-feature-1-title":"#loveheals","masonry-feature-1-subtitle":"read our story","masonry-feature-1-text-color":"white","masonry-feature-1-url":"http:\/\/www.theyesbar.com\/pages\/about-us","masonry-feature-1-show-image":true,"masonry-feature-2":true,"masonry-feature-2-mobile":true,"masonry-feature-2-title":"#yestothis","masonry-feature-2-subtitle":"find your flavor","masonry-feature-2-text-color":"white","masonry-feature-2-url":"http:\/\/www.theyesbar.com\/collections\/say-yes-to-real-food","masonry-feature-2-show-image":true,"masonry-feature-3":true,"masonry-feature-3-mobile":true,"masonry-feature-3-title":"jeremy and brennan","masonry-feature-3-subtitle":"#passionpreneurs","masonry-feature-3-text-color":"white","masonry-feature-3-url":"","masonry-feature-3-show-image":true,"masonry-feature-4":true,"masonry-feature-4-mobile":true,"masonry-feature-4-title":"","masonry-feature-4-subtitle":"","masonry-feature-4-text-color":"black","masonry-feature-4-url":"http:\/\/www.theyesbar.com\/pages\/what-the-press-is-saying-about-yes","masonry-feature-4-show-image":true,"masonry-feature-5":true,"masonry-feature-5-mobile":true,"masonry-feature-5-title":"what is in our bars","masonry-feature-5-subtitle":"(and what is not)","masonry-feature-5-text-color":"white","masonry-feature-5-url":"http:\/\/www.theyesbar.com\/pages\/what-is-in-a-yes-bar-and-what-isnt","masonry-feature-5-show-image":true,"masonry-feature-6":true,"masonry-feature-6-mobile":true,"masonry-feature-6-title":"","masonry-feature-6-subtitle":"","masonry-feature-6-text-color":"black","masonry-feature-6-url":"http:\/\/naturalchildworld.com\/question_categories\/nutrition-2\/","masonry-feature-6-show-image":true,"display-introduction-message":true,"introduction-message-border":false,"introduction-title":"","introduction-tagline":"Let’s face it. Snack Bars usually fall into one of two categories. They are either good for you and taste like bird seed, or they’re basically just a glorified candy bar full of hidden sugars and funky preservatives. Allow us to introduce a third category: The YES Bar. A delicious, sophisticated snack made from 100% REAL FOODS. Nutty, chewy, sweet & salty, the YES Bar is a snack you will love. Go ahead, take a bite and get happy!","featured-collections":false,"featured-collections-section-title":"","featured-collection-1":"","featured-collection-1-overlay-color":"white","featured-collection-1-subtitle":"","featured-collection-1-description":"","featured-collection-2":"","featured-collection-2-overlay-color":"black","featured-collection-2-subtitle":"","featured-collection-2-description":"","featured-collection-3":"","featured-collection-3-overlay-color":"black","featured-collection-3-subtitle":"","featured-collection-3-description":"","featured-products":true,"featured-products-section-title":"","featured-products-collection":"shop","featured-products-rows":"3","featured-products-per-row":"2","social-widget-title":"YES + YOU","social-widget-blurb":"show us how you fill your life with YES!  #yestothis #loveheals #realfood","instagram-widget":true,"instagram-username":"theyesbar","instagram-widget-access-token":"513950253.1677ed0.57275444a2674d39bd67a173ef53ec59","use-instagram-tag":false,"instagram-widget-tag":"","twitter-widget":false,"twitter-username":"theyesbar","twitter-widget-id":"723372420308979712","twitter-widget-retweets":false,"product-vendor":false,"product-images-layout":"slideshow","product-zoom":true,"related-products":true,"related-products-position":"below","linked-options":false,"collection-show-featured-image":false,"collection-show-description":true,"collection-sorting":false,"collection-tag-filtering":false,"collection-products-per-row":"2","collection-number-of-rows":"3","product-hover":"none","product-stock-level-overlay-threshold":"10","product-badges":true,"product-badges-icons":true,"collections-show-description":true,"cart-special-instructions":true,"cart-special-instructions-placeholder":"anything special you'd like us to know?","cart-show-shipping-note":false,"shipping-calculator":false,"shipping_calculator_default_country":"United States","blog-tag-filter":false,"blog-rss-icon":true,"blog-promo":false,"blog-promo-cta":"","blog-promo-subtitle":"","blog-promo-url":"","article-comment-count":true,"article-tags":true,"article-author":false,"article-author-avatar":false,"article-comment-author-avatar":false,"social-facebook-link":"https:\/\/www.facebook.com\/theyesbar","social-twitter-link":"https:\/\/twitter.com\/theyesbar","social-pinterest-link":"https:\/\/www.pinterest.com\/theyesbar","social-instagram-link":"https:\/\/instagram.com\/theyesbar","social-googleplus-link":"","social-tumblr-link":"","social-youtube-link":"","social-vimeo-link":"","social-kickstarter-link":"","social-email-link":"hello@theyesbar.com","share-widget-facebook":true,"share-widget-twitter":true,"share-widget-pinterest":true,"share-widget-fancy":false,"share-widget-google-plus":false,"share-widget-email":true,"product-share-buttons":true,"article-share-buttons":true,"mailing-list":true,"mailing-list-platform":"mailchimp","mailing-list-title":"","mailing-list-action-url":"\/\/theyesbar.us7.list-manage.com\/subscribe\/post?u=6eb09e0fd86ee86698f9264e2&amp;id=4f1a1a956e","campaign-monitor-name":"","footer-headers":false,"footer-linklist-1":"footer","footer-linklist-2":"main-menu","footer-social-links":true,"footer-payment-options":true,"footer-text-title":"","footer-text-content":"Thanks for saying YES to our real food snack! Did you know you could SUBSCRIBE to a monthly delivery, just by recurring your cart? YES!!","currency-switcher":false,"currency-switcher-format":"money_format","currency-switcher-supported-currencies":"USD","default_currency":"USD","checkout_use_header_image":false,"checkout_logo":"checkout_logo.png","checkout_logo_position":"center","checkout_logo_size":"medium","checkout_use_body_background_image":false,"checkout_body_background_color":"#fff","checkout_input_background_color_mode":"white","checkout_use_sidebar_background_image":false,"checkout_sidebar_background_color":"#fafafa","checkout_heading_font":"Raleway","checkout_body_font":"Lato","checkout_accent_color":"#00b2aa","checkout_button_color":"#00b2aa","checkout_error_color":"#d81e05","use-retina-logo":false,"logo-color":"#60504d","currency-switcher-default":"CAD","articles-per-page":"3","footer-linklist-3":"none","ajax":false,"customer_layout":"customer_area","password-mailing-list":false},"presets":{"Bright":{"accent-color":"#fecda5","background-color":"#ffffff","body-text-color":"#807e7d","border-color":"#e4e4e4","button-color":"#ffffff","form-select-background":"#ffffff","form-select-color":"#787878","form-select-border-color":"#e3e3e3","heading-color":"#1f25d9","meta-color":"#cccccc","secondary-button-background":"#ffb8d1","secondary-button-color":"#ffffff","use-logo":false,"use-retina-logo":false,"body-background-use-image":false,"body-font":"'Helvetica Neue', Helvetica, Arial, sans-serif","button-font":"Karla, sans-serif","button-font-weight":"400","button-font-small-caps":false,"heading-font":"Karla, sans-serif","heading-font-weight":"400","heading-font-small-caps":false,"meta-font":"Karla, sans-serif","meta-font-weight":"400","meta-font-small-caps":false,"navigation-font":"Karla, sans-serif","navigation-font-weight":"400","navigation-font-small-caps":false,"header-tools-color":"#242424","header-tools-background-color":"#f2f2f2","logo-color":"#222222","currency-switcher":true,"header-layout":"full-width","header-border":true,"sticky-header":true,"use-sticky-header-logo":false,"currency-switcher-format":"money_with_currency_format","currency-switcher-supported-currencies":"CAD USD GBP AUD JPY","currency-switcher-default":"CAD","navigation-color":"#808080","mega-nav-image":false,"mega-nav-1":"none","mega-nav-2":"none","mega-nav-3":"none","slideshow":true,"slideshow-layout":"content-width","slideshow-autoplay":false,"slideshow-controls-color":"#1f25d9","show-slide-1":false,"slide-1-content-alignment":"center","slide-1-overlay-color":"#1f25d9","show-slide-2":false,"slide-2-content-alignment":"center","slide-2-overlay-color":"#1f25d9","show-slide-3":false,"slide-3-content-alignment":"center","slide-3-overlay-color":"#1f25d9","show-slide-4":false,"slide-4-content-alignment":"center","slide-4-overlay-color":"#1f25d9","show-slide-5":false,"slide-5-content-alignment":"center","slide-5-overlay-color":"#1f25d9","masonry-features":false,"masonry-features-layout":"full-width","masonry-features-gutters":true,"masonry-features-animation":true,"masonry-feature-1":false,"masonry-feature-1-mobile":true,"masonry-feature-1-text-color":"white","masonry-feature-1-show-image":false,"masonry-feature-2":false,"masonry-feature-2-mobile":true,"masonry-feature-2-text-color":"white","masonry-feature-2-show-image":false,"masonry-feature-3":false,"masonry-feature-3-mobile":true,"masonry-feature-3-text-color":"white","masonry-feature-3-show-image":false,"masonry-feature-4":false,"masonry-feature-4-mobile":true,"masonry-feature-4-text-color":"white","masonry-feature-4-show-image":false,"masonry-feature-5":false,"masonry-feature-5-mobile":true,"masonry-feature-5-text-color":"white","masonry-feature-5-show-image":false,"masonry-feature-6":false,"masonry-feature-6-mobile":true,"masonry-feature-6-text-color":"white","masonry-feature-6-show-image":false,"display-introduction-message":true,"introduction-message-border":false,"featured-collections":false,"featured-collection-1":"none","featured-collection-1-overlay-color":"black","featured-collection-2":"none","featured-collection-2-overlay-color":"black","featured-collection-3":"none","featured-collection-3-overlay-color":"black","collections-show-description":true,"collection-sorting":false,"collection-tag-filtering":false,"collection-products-per-row":"3","collection-number-of-rows":"5","product-badge-background-color":"#222222","featured-products":false,"featured-products-collection":"none","featured-products-rows":"1","featured-products-per-row":"4","product-vendor":true,"product-hover":"quick-shop","product-badges":true,"product-badges-icons":true,"product-images-layout":"slideshow","product-zoom":true,"product-share-buttons":true,"related-products":true,"related-products-position":"below","instagram-widget":false,"use-instagram-tag":false,"twitter-widget":false,"twitter-widget-retweets":false,"articles-per-page":"3","blog-tag-filter":true,"blog-rss-icon":true,"blog-promo":false,"article-comment-count":false,"article-tags":false,"article-author":false,"article-author-avatar":false,"article-comment-author-avatar":false,"article-share-buttons":true,"cart-special-instructions":false,"cart-show-shipping-note":false,"shipping-calculator":false,"shipping_calculator_default_country":"United States","mailing-list":false,"mailing-list-platform":"mailchimp","footer-headers":false,"footer-linklist-1":"none","footer-linklist-2":"none","footer-linklist-3":"none","footer-payment-options":true,"share-widget-facebook":true,"share-widget-twitter":true,"share-widget-pinterest":true,"share-widget-fancy":true,"share-widget-google-plus":true,"share-widget-email":true,"alternative-index-layout":false,"alternative-index-layout-logo":false,"alternative-index-layout-title-color":"#ffffff","ajax":true,"customer_layout":"customer_area","password-mailing-list":false},"Light":{"accent-color":"#7bebcf","background-color":"#ffffff","body-text-color":"#5c5c5c","border-color":"#e4e4e4","button-color":"#ffffff","form-select-background":"#ffffff","form-select-color":"#787878","form-select-border-color":"#e3e3e3","heading-color":"#222222","meta-color":"#8a8a8a","secondary-button-background":"#69dbca","secondary-button-color":"#ffffff","use-logo":false,"use-retina-logo":false,"body-background-use-image":false,"body-font":"Lato, sans-serif","button-font":"Lora, serif","button-font-weight":"400","button-font-small-caps":false,"heading-font":"Karla, sans-serif","heading-font-weight":"400","heading-font-small-caps":false,"meta-font":"Lato, sans-serif","meta-font-weight":"400","meta-font-small-caps":false,"navigation-font":"Lato, sans-serif","navigation-font-weight":"400","navigation-font-small-caps":false,"header-tools-color":"#242424","header-tools-background-color":"#f2f2f2","logo-color":"#222222","currency-switcher":true,"header-layout":"full-width","header-border":false,"sticky-header":true,"use-sticky-header-logo":false,"currency-switcher-format":"money_with_currency_format","currency-switcher-supported-currencies":"CAD USD GBP AUD JPY","currency-switcher-default":"CAD","navigation-color":"#808080","mega-nav-image":false,"mega-nav-1":"none","mega-nav-2":"none","mega-nav-3":"none","slideshow":true,"slideshow-layout":"full-width","slideshow-autoplay":false,"slideshow-controls-color":"#494245","show-slide-1":false,"slide-1-content-alignment":"center","slide-1-overlay-color":"#494245","show-slide-2":false,"slide-2-content-alignment":"center","slide-2-overlay-color":"#494245","show-slide-3":false,"slide-3-content-alignment":"center","slide-3-overlay-color":"#494245","show-slide-4":false,"slide-4-content-alignment":"center","slide-4-overlay-color":"#494245","show-slide-5":false,"slide-5-content-alignment":"center","slide-5-overlay-color":"#494245","masonry-features":true,"masonry-features-layout":"full-width","masonry-features-gutters":true,"masonry-features-animation":true,"masonry-feature-1":false,"masonry-feature-1-mobile":true,"masonry-feature-1-text-color":"black","masonry-feature-1-show-image":false,"masonry-feature-2":false,"masonry-feature-2-mobile":true,"masonry-feature-2-text-color":"black","masonry-feature-2-show-image":false,"masonry-feature-3":false,"masonry-feature-3-mobile":true,"masonry-feature-3-text-color":"black","masonry-feature-3-show-image":false,"masonry-feature-4":false,"masonry-feature-4-mobile":true,"masonry-feature-4-text-color":"black","masonry-feature-4-show-image":false,"masonry-feature-5":false,"masonry-feature-5-mobile":true,"masonry-feature-5-text-color":"black","masonry-feature-5-show-image":false,"masonry-feature-6":false,"masonry-feature-6-mobile":true,"masonry-feature-6-text-color":"black","masonry-feature-6-show-image":false,"display-introduction-message":true,"introduction-message-border":false,"featured-collections":true,"featured-collection-1":"none","featured-collection-1-overlay-color":"black","featured-collection-2":"none","featured-collection-2-overlay-color":"black","featured-collection-3":"none","featured-collection-3-overlay-color":"black","collections-show-description":true,"collection-sorting":false,"collection-tag-filtering":false,"collection-products-per-row":"3","collection-number-of-rows":"5","product-badge-background-color":"#222222","featured-products":true,"featured-products-collection":"none","featured-products-rows":"1","featured-products-per-row":"4","product-vendor":true,"product-hover":"quick-shop","product-badges":true,"product-badges-icons":true,"product-images-layout":"slideshow","product-zoom":true,"product-share-buttons":true,"related-products":true,"related-products-position":"right","instagram-widget":true,"use-instagram-tag":false,"twitter-widget":true,"twitter-widget-retweets":false,"articles-per-page":"3","blog-tag-filter":false,"blog-rss-icon":false,"blog-promo":false,"article-comment-count":true,"article-tags":true,"article-author":false,"article-author-avatar":false,"article-comment-author-avatar":false,"article-share-buttons":true,"cart-special-instructions":false,"cart-show-shipping-note":false,"shipping-calculator":false,"shipping_calculator_default_country":"United States","mailing-list":false,"mailing-list-platform":"mailchimp","footer-headers":true,"footer-linklist-1":"none","footer-linklist-2":"none","footer-linklist-3":"none","footer-payment-options":true,"share-widget-facebook":true,"share-widget-twitter":true,"share-widget-pinterest":true,"share-widget-fancy":true,"share-widget-google-plus":true,"share-widget-email":true,"alternative-index-layout":false,"alternative-index-layout-logo":false,"alternative-index-layout-title-color":"#ffffff","ajax":false,"customer_layout":"customer_area","password-mailing-list":false},"Moody":{"accent-color":"#82a2bd","background-color":"#e8e8e8","body-text-color":"#5c5c5c","border-color":"#d4d4d4","button-color":"#ffffff","form-select-background":"#ffffff","form-select-color":"#787878","form-select-border-color":"#ffffff","heading-color":"#222222","meta-color":"#8a8a8a","secondary-button-background":"#82a2bd","secondary-button-color":"#ffffff","use-logo":false,"use-retina-logo":false,"body-background-use-image":false,"body-font":"'Noticia Text', serif","button-font":"'Archivo Narrow', sans-serif","button-font-weight":"700","button-font-small-caps":true,"heading-font":"'Archivo Narrow', sans-serif","heading-font-weight":"700","heading-font-small-caps":false,"meta-font":"'Archivo Narrow', sans-serif","meta-font-weight":"400","meta-font-small-caps":true,"navigation-font":"'Archivo Narrow', sans-serif","navigation-font-weight":"400","navigation-font-small-caps":true,"header-tools-color":"#242424","header-tools-background-color":"#f2f2f2","logo-color":"#222222","currency-switcher":true,"header-layout":"full-width","header-border":true,"sticky-header":true,"use-sticky-header-logo":false,"currency-switcher-format":"money_with_currency_format","currency-switcher-supported-currencies":"CAD USD GBP AUD JPY","currency-switcher-default":"CAD","navigation-color":"#808080","mega-nav-image":false,"mega-nav-1":"none","mega-nav-2":"none","mega-nav-3":"none","slideshow":true,"slideshow-layout":"full-width","slideshow-autoplay":false,"slideshow-controls-color":"#000000","show-slide-1":false,"slide-1-content-alignment":"center","slide-1-overlay-color":"#000000","show-slide-2":false,"slide-2-content-alignment":"center","slide-2-overlay-color":"#000000","show-slide-3":false,"slide-3-content-alignment":"center","slide-3-overlay-color":"#000000","show-slide-4":false,"slide-4-content-alignment":"center","slide-4-overlay-color":"#000000","show-slide-5":false,"slide-5-content-alignment":"center","slide-5-overlay-color":"#000000","masonry-features":true,"masonry-features-layout":"content-width","masonry-features-gutters":true,"masonry-features-animation":true,"masonry-feature-1":false,"masonry-feature-1-mobile":true,"masonry-feature-1-text-color":"black","masonry-feature-1-show-image":false,"masonry-feature-2":false,"masonry-feature-2-mobile":true,"masonry-feature-2-text-color":"black","masonry-feature-2-show-image":false,"masonry-feature-3":false,"masonry-feature-3-mobile":true,"masonry-feature-3-text-color":"black","masonry-feature-3-show-image":false,"masonry-feature-4":false,"masonry-feature-4-mobile":true,"masonry-feature-4-text-color":"black","masonry-feature-4-show-image":false,"masonry-feature-5":false,"masonry-feature-5-mobile":true,"masonry-feature-5-text-color":"black","masonry-feature-5-show-image":false,"masonry-feature-6":false,"masonry-feature-6-mobile":true,"masonry-feature-6-text-color":"black","masonry-feature-6-show-image":false,"display-introduction-message":true,"introduction-message-border":false,"featured-collections":true,"featured-collection-1":"none","featured-collection-1-overlay-color":"white","featured-collection-2":"none","featured-collection-2-overlay-color":"white","featured-collection-3":"none","featured-collection-3-overlay-color":"white","collections-show-description":true,"collection-sorting":false,"collection-tag-filtering":false,"collection-products-per-row":"2","collection-number-of-rows":"4","product-badge-background-color":"#222222","featured-products":false,"featured-products-collection":"none","featured-products-rows":"1","featured-products-per-row":"4","product-vendor":true,"product-hover":"image-flip","product-badges":true,"product-badges-icons":true,"product-images-layout":"list-view","product-zoom":false,"product-share-buttons":true,"related-products":true,"related-products-position":"right","instagram-widget":true,"use-instagram-tag":false,"twitter-widget":true,"twitter-widget-retweets":false,"articles-per-page":"3","blog-tag-filter":false,"blog-rss-icon":false,"blog-promo":false,"article-comment-count":false,"article-tags":false,"article-author":false,"article-author-avatar":false,"article-comment-author-avatar":false,"article-share-buttons":true,"cart-special-instructions":false,"cart-show-shipping-note":false,"shipping-calculator":false,"shipping_calculator_default_country":"United States","mailing-list":true,"mailing-list-platform":"mailchimp","footer-headers":false,"footer-linklist-1":"none","footer-linklist-2":"none","footer-linklist-3":"none","footer-payment-options":true,"share-widget-facebook":true,"share-widget-twitter":true,"share-widget-pinterest":true,"share-widget-fancy":true,"share-widget-google-plus":true,"share-widget-email":true,"alternative-index-layout":false,"alternative-index-layout-logo":false,"alternative-index-layout-title-color":"#ffffff","ajax":false,"customer_layout":"customer_area","password-mailing-list":false},"Warm":{"accent-color":"#9e8953","background-color":"#f2eee8","body-text-color":"#696868","border-color":"#e0dcd3","button-color":"#ffffff","form-select-background":"#ffffff","form-select-color":"#787878","form-select-border-color":"#e3e3e3","heading-color":"#60504d","meta-color":"#b3b3b3","secondary-button-background":"#a3997f","secondary-button-color":"#ffffff","use-logo":false,"use-retina-logo":false,"body-background-use-image":false,"body-font":"Lora, serif","button-font":"Karla, sans-serif","button-font-weight":"400","button-font-small-caps":false,"heading-font":"Raleway, sans-serif","heading-font-weight":"700","heading-font-small-caps":false,"meta-font":"Karla, sans-serif","meta-font-weight":"400","meta-font-small-caps":false,"navigation-font":"Raleway, sans-serif","navigation-font-weight":"400","navigation-font-small-caps":false,"header-tools-color":"#8f8c82","header-tools-background-color":"#e0dcd3","logo-color":"#60504d","currency-switcher":true,"header-layout":"full-width","header-border":true,"sticky-header":true,"use-sticky-header-logo":false,"currency-switcher-format":"money_with_currency_format","currency-switcher-supported-currencies":"CAD USD GBP AUD JPY","currency-switcher-default":"CAD","navigation-color":"#808080","mega-nav-image":false,"mega-nav-1":"none","mega-nav-2":"none","mega-nav-3":"none","slideshow":true,"slideshow-layout":"content-width","slideshow-autoplay":false,"slideshow-controls-color":"#b3b3b3","show-slide-1":false,"slide-1-content-alignment":"center","slide-1-overlay-color":"#b3b3b3","show-slide-2":false,"slide-2-content-alignment":"center","slide-2-overlay-color":"#b3b3b3","show-slide-3":false,"slide-3-content-alignment":"center","slide-3-overlay-color":"#b3b3b3","show-slide-4":false,"slide-4-content-alignment":"center","slide-4-overlay-color":"#b3b3b3","show-slide-5":false,"slide-5-content-alignment":"center","slide-5-overlay-color":"#b3b3b3","masonry-features":true,"masonry-features-layout":"content-width","masonry-features-gutters":true,"masonry-features-animation":true,"masonry-feature-1":false,"masonry-feature-1-mobile":true,"masonry-feature-1-text-color":"white","masonry-feature-1-show-image":false,"masonry-feature-2":false,"masonry-feature-2-mobile":true,"masonry-feature-2-text-color":"white","masonry-feature-2-show-image":false,"masonry-feature-3":false,"masonry-feature-3-mobile":true,"masonry-feature-3-text-color":"white","masonry-feature-3-show-image":false,"masonry-feature-4":false,"masonry-feature-4-mobile":true,"masonry-feature-4-text-color":"white","masonry-feature-4-show-image":false,"masonry-feature-5":false,"masonry-feature-5-mobile":true,"masonry-feature-5-text-color":"white","masonry-feature-5-show-image":false,"masonry-feature-6":false,"masonry-feature-6-mobile":true,"masonry-feature-6-text-color":"white","masonry-feature-6-show-image":false,"display-introduction-message":true,"introduction-message-border":false,"featured-collections":true,"featured-collection-1":"none","featured-collection-1-overlay-color":"white","featured-collection-2":"none","featured-collection-2-overlay-color":"white","featured-collection-3":"none","featured-collection-3-overlay-color":"white","collections-show-description":true,"collection-sorting":false,"collection-tag-filtering":false,"collection-products-per-row":"3","collection-number-of-rows":"5","product-badge-background-color":"#222222","featured-products":false,"featured-products-collection":"none","featured-products-rows":"1","featured-products-per-row":"4","product-vendor":true,"product-hover":"quick-shop","product-badges":false,"product-badges-icons":false,"product-images-layout":"slideshow","product-zoom":true,"product-share-buttons":true,"related-products":true,"related-products-position":"right","instagram-widget":false,"use-instagram-tag":false,"twitter-widget":false,"twitter-widget-retweets":false,"articles-per-page":"3","blog-tag-filter":false,"blog-rss-icon":false,"blog-promo":false,"article-comment-count":false,"article-tags":false,"article-author":false,"article-author-avatar":false,"article-comment-author-avatar":false,"article-share-buttons":true,"cart-special-instructions":false,"cart-show-shipping-note":false,"shipping-calculator":false,"shipping_calculator_default_country":"United States","mailing-list":false,"mailing-list-platform":"mailchimp","footer-headers":false,"footer-linklist-1":"none","footer-linklist-2":"none","footer-linklist-3":"none","footer-payment-options":false,"share-widget-facebook":true,"share-widget-twitter":true,"share-widget-pinterest":true,"share-widget-fancy":true,"share-widget-google-plus":true,"share-widget-email":true,"alternative-index-layout":false,"alternative-index-layout-logo":false,"alternative-index-layout-title-color":"#ffffff","ajax":false,"customer_layout":"customer_area","password-mailing-list":false}}}