[{"name":"theme_info","logo":"https:\/\/s3.amazonaws.com\/cdn.pixelunion.net\/shopify\/avatar_plain.jpg","settings":[{"type":"header","content":"Grid Theme"},{"type":"paragraph","content":"[Pixel Union](https:\/\/www.pixelunion.net) | v1.10.0"},{"type":"paragraph","content":"We suggest reading through our [documentation](http:\/\/help.pixelunion.net\/customer\/portal\/articles\/1840423-grid-theme-documentation) , which provides a thorough overview of all the theme's features. It also includes helpful instructions and design tips from the team. If you're confused at any stage, don't hesitate to contact us by sending a quick [email](mailto:support@pixelunion.net) or [tweet](http:\/\/twitter.com\/pixelunion). We're available Monday through Friday during our office hours, 9 a.m. to 5 p.m. (PST)."},{"type":"paragraph","content":"Find us on the web: [Pixel Union](http:\/\/www.pixelunion.net) | Twitter: [@pixelunion](http:\/\/twitter.com\/pixelunion) | Facebook: [http:\/\/facebook.com\/pixelunion](http:\/\/facebook.com\/pixelunion)"}]},{"name":"Colors","settings":[{"type":"header","content":"Background"},{"type":"color","id":"background-color","label":"Background"},{"type":"checkbox","id":"body-background-use-image","label":"Use background image"},{"type":"image","id":"retina-background-image.jpg","label":"Background image","info":"200 x 200px recommended"},{"type":"text","id":"background-image-width","label":"Background image width (in pixels)"},{"type":"text","id":"background-image-height","label":"Background image height (in pixels)"},{"type":"paragraph","content":"Background image width and height are required for retina images to display correctly. Simply enter the height and width values in pixels, such as \"100\"."},{"type":"header","content":"General"},{"type":"color","id":"body-text-color","label":"Text"},{"type":"color","id":"accent-color","label":"Accent"},{"type":"color","id":"heading-color","label":"Heading"},{"type":"color","id":"meta-color","label":"Meta text"},{"type":"color","id":"border-color","label":"Border"},{"type":"color","id":"slideshow-controls-color","label":"Slideshow controls"},{"type":"color","id":"product-badge-background-color","label":"On sale\/Sold out badge background"},{"type":"header","content":"Buttons"},{"type":"color","id":"button-color","label":"Primary button text"},{"type":"color","id":"secondary-button-background","label":"Secondary button background"},{"type":"color","id":"secondary-button-color","label":"Secondary button text"},{"type":"header","content":"Header"},{"type":"color","id":"header-tools-color","label":"Header tools"},{"type":"color","id":"header-tools-background-color","label":"Header tools background"},{"type":"color","id":"navigation-color","label":"Navigation"},{"type":"header","content":"Dropdowns\/Table headers"},{"type":"color","id":"form-select-background","label":"Background"},{"type":"color","id":"form-select-color","label":"Text"},{"type":"color","id":"form-select-border-color","label":"Border","info":"This option only applies to dropdown menus."}]},{"name":"Typography","settings":[{"type":"select","id":"body-font","label":"Body font","options":[{"value":"Arimo, sans-serif","label":"Arimo","group":"Sans Serif"},{"value":"'Helvetica Neue', Helvetica, Arial, sans-serif","label":"Helvetica \/ Arial","group":"Sans Serif"},{"value":"Karla, sans-serif","label":"Karla","group":"Sans Serif"},{"value":"novecento_sans_widedemibold","label":"Novecento Font","group":"Custom"},{"value":"rabiohead","label":"Rabiohead","group":"Custom"},{"value":"Lato, sans-serif","label":"Lato","group":"Sans Serif"},{"value":"'Open Sans', sans-serif","label":"Open Sans","group":"Sans Serif"},{"value":"'PT Sans', sans-serif","label":"PT Sans","group":"Sans Serif"},{"value":"Roboto, sans-serif","label":"Roboto","group":"Sans Serif"},{"value":"'Source Sans Pro', sans-serif","label":"Source Sans Pro","group":"Sans Serif"},{"value":"'Archivo Narrow', sans-serif","label":"Archivo Narrow","group":"Condensed Sans Serif"},{"value":"'Roboto Condensed', sans-serif","label":"Roboto Condensed","group":"Condensed Sans Serif"},{"value":"'Titillium Web', sans-serif","label":"Titillium Web","group":"Geometric Sans Serif"},{"value":"Alegreya, serif","label":"Alegreya","group":"Serif"},{"value":"'Crimson Text', serif","label":"Crimson Text","group":"Serif"},{"value":"'Droid Serif', serif","label":"Droid Serif","group":"Serif"},{"value":"Georgia, Times, 'Times New Roman', serif","label":"Georgia","group":"Serif"},{"value":"Lora, serif","label":"Lora","group":"Serif"},{"value":"Merriweather, serif","label":"Merriweather","group":"Serif"},{"value":"'Noticia Text', serif","label":"Noticia Text","group":"Serif"},{"value":"'Noto Serif', serif","label":"Noto Serif","group":"Serif"},{"value":"'Playfair Display', serif","label":"Playfair Display","group":"Serif"},{"value":"'PT Serif', serif","label":"PT Serif","group":"Serif"},{"value":"TimesNewRoman, 'Times New Roman', Times, Baskerville, Georgia, serif","label":"Times","group":"Serif"},{"value":"Volkhov, serif","label":"Volkhov","group":"Serif"},{"value":"Vollkorn, serif","label":"Vollkorn","group":"Serif"},{"value":"Arvo, serif","label":"Arvo","group":"Slab Serif"},{"value":"'Josefin Slab', serif","label":"Josefin Slab","group":"Slab Serif"}],"default":"'Helvetica Neue', Helvetica, Arial, sans-serif"},{"type":"header","content":"Headings"},{"type":"select","id":"heading-font","label":"Font","options":[{"value":"Arimo, sans-serif","label":"Arimo","group":"Sans Serif"},{"value":"'Helvetica Neue', Helvetica, Arial, sans-serif","label":"Helvetica \/ Arial","group":"Sans Serif"},{"value":"Karla, sans-serif","label":"Karla","group":"Sans Serif"},{"value":"novecento_sans_widedemibold","label":"Novecento Font","group":"Custom"},{"value":"rabiohead","label":"Rabiohead","group":"Custom"},{"value":"Lato, sans-serif","label":"Lato","group":"Sans Serif"},{"value":"Montserrat, sans-serif","label":"Montserrat","group":"Sans Serif"},{"value":"'Open Sans', sans-serif","label":"Open Sans","group":"Sans Serif"},{"value":"'PT Sans', sans-serif","label":"PT Sans","group":"Sans Serif"},{"value":"Raleway, sans-serif","label":"Raleway","group":"Sans Serif"},{"value":"Roboto, sans-serif","label":"Roboto","group":"Sans Serif"},{"value":"'Source Sans Pro', sans-serif","label":"Source Sans Pro","group":"Sans Serif"},{"value":"'Archivo Narrow', sans-serif","label":"Archivo Narrow","group":"Condensed Sans Serif"},{"value":"'Fjalla One', sans-serif","label":"Fjalla One","group":"Condensed Sans Serif"},{"value":"Oswald, sans-serif","label":"Oswald","group":"Condensed Sans Serif"},{"value":"'Roboto Condensed', sans-serif","label":"Roboto Condensed","group":"Condensed Sans Serif"},{"value":"'Titillium Web', sans-serif","label":"Titillium Web","group":"Geometric Sans Serif"},{"value":"Alegreya, serif","label":"Alegreya","group":"Serif"},{"value":"'Crimson Text', serif","label":"Crimson Text","group":"Serif"},{"value":"'Droid Serif', serif","label":"Droid Serif","group":"Serif"},{"value":"Georgia, Times, 'Times New Roman', serif","label":"Georgia","group":"Serif"},{"value":"Lora, serif","label":"Lora","group":"Serif"},{"value":"Merriweather, serif","label":"Merriweather","group":"Serif"},{"value":"'Noticia Text', serif","label":"Noticia Text","group":"Serif"},{"value":"'Noto Serif', serif","label":"Noto Serif","group":"Serif"},{"value":"'Playfair Display', serif","label":"Playfair Display","group":"Serif"},{"value":"'PT Serif', serif","label":"PT Serif","group":"Serif"},{"value":"TimesNewRoman, 'Times New Roman', Times, Baskerville, Georgia, serif","label":"Times","group":"Serif"},{"value":"Volkhov, serif","label":"Volkhov","group":"Serif"},{"value":"Vollkorn, serif","label":"Vollkorn","group":"Serif"},{"value":"Arvo, serif","label":"Arvo","group":"Slab Serif"},{"value":"Bitter, serif","label":"Bitter","group":"Slab Serif"},{"value":"'Josefin Slab', serif","label":"Josefin Slab","group":"Slab Serif"},{"value":"Kreon, serif","label":"Kreon","group":"Slab Serif"},{"value":"'Roboto Slab', serif","label":"Roboto Slab","group":"Slab Serif"},{"value":"Rokkitt, serif","label":"Rokkitt","group":"Slab Serif"}],"default":"'Helvetica Neue', Helvetica, Arial, sans-serif"},{"type":"select","id":"heading-font-weight","label":"Style","options":[{"value":"400","label":"Normal"},{"value":"700","label":"Bold"}]},{"type":"checkbox","id":"heading-font-small-caps","label":"Capitalize"},{"type":"header","content":"Navigation"},{"type":"select","id":"navigation-font","label":"Font","options":[{"value":"Arimo, sans-serif","label":"Arimo","group":"Sans Serif"},{"value":"'Helvetica Neue', Helvetica, Arial, sans-serif","label":"Helvetica \/ Arial","group":"Sans Serif"},{"value":"Karla, sans-serif","label":"Karla","group":"Sans Serif"},{"value":"novecento_sans_widedemibold","label":"Novecento Font","group":"Custom"},{"value":"rabiohead","label":"Rabiohead","group":"Custom"},{"value":"Lato, sans-serif","label":"Lato","group":"Sans Serif"},{"value":"Montserrat, sans-serif","label":"Montserrat","group":"Sans Serif"},{"value":"'Open Sans', sans-serif","label":"Open Sans","group":"Sans Serif"},{"value":"'PT Sans', sans-serif","label":"PT Sans","group":"Sans Serif"},{"value":"Raleway, sans-serif","label":"Raleway","group":"Sans Serif"},{"value":"Roboto, sans-serif","label":"Roboto","group":"Sans Serif"},{"value":"'Source Sans Pro', sans-serif","label":"Source Sans Pro","group":"Sans Serif"},{"value":"'Archivo Narrow', sans-serif","label":"Archivo Narrow","group":"Condensed Sans Serif"},{"value":"'Fjalla One', sans-serif","label":"Fjalla One","group":"Condensed Sans Serif"},{"value":"Oswald, sans-serif","label":"Oswald","group":"Condensed Sans Serif"},{"value":"'Roboto Condensed', sans-serif","label":"Roboto Condensed","group":"Condensed Sans Serif"},{"value":"'Titillium Web', sans-serif","label":"Titillium Web","group":"Geometric Sans Serif"},{"value":"Alegreya, serif","label":"Alegreya","group":"Serif"},{"value":"'Crimson Text', serif","label":"Crimson Text","group":"Serif"},{"value":"'Droid Serif', serif","label":"Droid Serif","group":"Serif"},{"value":"Georgia, Times, 'Times New Roman', serif","label":"Georgia","group":"Serif"},{"value":"Lora, serif","label":"Lora","group":"Serif"},{"value":"Merriweather, serif","label":"Merriweather","group":"Serif"},{"value":"'Noticia Text', serif","label":"Noticia Text","group":"Serif"},{"value":"'Noto Serif', serif","label":"Noto Serif","group":"Serif"},{"value":"'Playfair Display', serif","label":"Playfair Display","group":"Serif"},{"value":"'PT Serif', serif","label":"PT Serif","group":"Serif"},{"value":"TimesNewRoman, 'Times New Roman', Times, Baskerville, Georgia, serif","label":"Times","group":"Serif"},{"value":"Volkhov, serif","label":"Volkhov","group":"Serif"},{"value":"Vollkorn, serif","label":"Vollkorn","group":"Serif"},{"value":"Arvo, serif","label":"Arvo","group":"Slab Serif"},{"value":"Bitter, serif","label":"Bitter","group":"Slab Serif"},{"value":"'Josefin Slab', serif","label":"Josefin Slab","group":"Slab Serif"},{"value":"Kreon, serif","label":"Kreon","group":"Slab Serif"},{"value":"'Roboto Slab', serif","label":"Roboto Slab","group":"Slab Serif"},{"value":"Rokkitt, serif","label":"Rokkitt","group":"Slab Serif"}],"default":"'Helvetica Neue', Helvetica, Arial, sans-serif"},{"type":"select","id":"navigation-font-weight","label":"Style","options":[{"value":"400","label":"Normal"},{"value":"700","label":"Bold"}]},{"type":"checkbox","id":"navigation-font-small-caps","label":"Capitalize"},{"type":"header","content":"Captions"},{"type":"select","id":"meta-font","label":"Font","options":[{"value":"Arimo, sans-serif","label":"Arimo","group":"Sans Serif"},{"value":"'Helvetica Neue', Helvetica, Arial, sans-serif","label":"Helvetica \/ Arial","group":"Sans Serif"},{"value":"Karla, sans-serif","label":"Karla","group":"Sans Serif"},{"value":"novecento_sans_widedemibold","label":"Novecento Font","group":"Custom"},{"value":"rabiohead","label":"Rabiohead","group":"Custom"},{"value":"Lato, sans-serif","label":"Lato","group":"Sans Serif"},{"value":"Montserrat, sans-serif","label":"Montserrat","group":"Sans Serif"},{"value":"'Open Sans', sans-serif","label":"Open Sans","group":"Sans Serif"},{"value":"'PT Sans', sans-serif","label":"PT Sans","group":"Sans Serif"},{"value":"Raleway, sans-serif","label":"Raleway","group":"Sans Serif"},{"value":"Roboto, sans-serif","label":"Roboto","group":"Sans Serif"},{"value":"'Source Sans Pro', sans-serif","label":"Source Sans Pro","group":"Sans Serif"},{"value":"'Archivo Narrow', sans-serif","label":"Archivo Narrow","group":"Condensed Sans Serif"},{"value":"'Fjalla One', sans-serif","label":"Fjalla One","group":"Condensed Sans Serif"},{"value":"Oswald, sans-serif","label":"Oswald","group":"Condensed Sans Serif"},{"value":"'Roboto Condensed', sans-serif","label":"Roboto Condensed","group":"Condensed Sans Serif"},{"value":"'Titillium Web', sans-serif","label":"Titillium Web","group":"Geometric Sans Serif"},{"value":"Alegreya, serif","label":"Alegreya","group":"Serif"},{"value":"'Crimson Text', serif","label":"Crimson Text","group":"Serif"},{"value":"'Droid Serif', serif","label":"Droid Serif","group":"Serif"},{"value":"Georgia, Times, 'Times New Roman', serif","label":"Georgia","group":"Serif"},{"value":"Lora, serif","label":"Lora","group":"Serif"},{"value":"Merriweather, serif","label":"Merriweather","group":"Serif"},{"value":"'Noticia Text', serif","label":"Noticia Text","group":"Serif"},{"value":"'Noto Serif', serif","label":"Noto Serif","group":"Serif"},{"value":"'Playfair Display', serif","label":"Playfair Display","group":"Serif"},{"value":"'PT Serif', serif","label":"PT Serif","group":"Serif"},{"value":"TimesNewRoman, 'Times New Roman', Times, Baskerville, Georgia, serif","label":"Times","group":"Serif"},{"value":"Volkhov, serif","label":"Volkhov","group":"Serif"},{"value":"Vollkorn, serif","label":"Vollkorn","group":"Serif"},{"value":"Arvo, serif","label":"Arvo","group":"Slab Serif"},{"value":"Bitter, serif","label":"Bitter","group":"Slab Serif"},{"value":"'Josefin Slab', serif","label":"Josefin Slab","group":"Slab Serif"},{"value":"Kreon, serif","label":"Kreon","group":"Slab Serif"},{"value":"'Roboto Slab', serif","label":"Roboto Slab","group":"Slab Serif"},{"value":"Rokkitt, serif","label":"Rokkitt","group":"Slab Serif"}],"default":"'Helvetica Neue', Helvetica, Arial, sans-serif"},{"type":"select","id":"meta-font-weight","label":"Style","options":[{"value":"400","label":"Normal"},{"value":"700","label":"Bold"}]},{"type":"checkbox","id":"meta-font-small-caps","label":"Capitalize"},{"type":"header","content":"Buttons"},{"type":"select","id":"button-font","label":"Font","options":[{"value":"Lato, sans-serif","label":"Lato","group":"Sans Serif"},{"value":"'Open Sans', sans-serif","label":"Open Sans","group":"Sans Serif"},{"value":"Raleway, sans-serif","label":"Raleway","group":"Sans Serif"},{"value":"novecento_sans_widedemibold","label":"Novecento Font","group":"Custom"},{"value":"rabiohead","label":"Rabiohead","group":"Custom"},{"value":"'Source Sans Pro', sans-serif","label":"Source Sans Pro","group":"Sans Serif"},{"value":"Arimo, sans-serif","label":"Arimo","group":"Sans Serif"},{"value":"Karla, sans-serif","label":"Karla","group":"Sans Serif"},{"value":"Montserrat, sans-serif","label":"Montserrat","group":"Sans Serif"},{"value":"Roboto, sans-serif","label":"Roboto","group":"Sans Serif"},{"value":"'Helvetica Neue', Helvetica, Arial, sans-serif","label":"Helvetica \/ Arial","group":"Sans Serif"},{"value":"'Archivo Narrow', sans-serif","label":"Archivo Narrow","group":"Condensed Sans Serif"},{"value":"Oswald, sans-serif","label":"Oswald","group":"Condensed Sans Serif"},{"value":"'Fjalla One', sans-serif","label":"Fjalla One","group":"Condensed Sans Serif"},{"value":"'Roboto Condensed', sans-serif","label":"Roboto Condensed","group":"Condensed Sans Serif"},{"value":"'Titillium Web', sans-serif","label":"Titillium Web","group":"Geometric Sans Serif"},{"value":"'Playfair Display', serif","label":"Playfair Display","group":"Serif"},{"value":"'PT Serif', serif","label":"PT Serif","group":"Serif"},{"value":"Volkhov, serif","label":"Volkhov","group":"Serif"},{"value":"Alegreya, serif","label":"Alegreya","group":"Serif"},{"value":"Lora, serif","label":"Lora","group":"Serif"},{"value":"Merriweather, serif","label":"Merriweather","group":"Serif"},{"value":"'Droid Serif', serif","label":"Droid Serif","group":"Serif"},{"value":"'Crimson Text', serif","label":"Crimson Text","group":"Serif"},{"value":"TimesNewRoman, 'Times New Roman', Times, Baskerville, Georgia, serif","label":"Times","group":"Serif"},{"value":"Georgia, Times, 'Times New Roman', serif","label":"Georgia","group":"Serif"},{"value":"Rokkitt, serif","label":"Rokkitt","group":"Slab Serif"},{"value":"Arvo, serif","label":"Arvo","group":"Slab Serif"},{"value":"Bitter, serif","label":"Bitter","group":"Slab Serif"},{"value":"'Roboto Slab', serif","label":"Roboto Slab","group":"Slab Serif"}],"default":"Lato, sans-serif"},{"type":"select","id":"button-font-weight","label":"Style","options":[{"value":"400","label":"Normal"},{"value":"700","label":"Bold"}]},{"type":"checkbox","id":"button-font-small-caps","label":"Capitalize"}]},{"name":"Header","settings":[{"type":"header","content":"Logo"},{"type":"checkbox","id":"use-logo","label":"Use a custom logo"},{"type":"image","id":"logo.png","label":"Logo image","max-width":9999,"max-height":200,"info":"200px high recommended"},{"type":"text","id":"logo-height","label":"Display height (in pixels)","info":"This is the height at which the logo is displayed. If this field is left blank, your logo will display 100px high. The image itself may be larger to account for high pixel density (Retina) displays."},{"type":"header","content":"Favicon"},{"type":"checkbox","id":"favicon","label":"Enable"},{"type":"image","id":"favicon.png","label":"Favicon image","max-width":64,"max-height":64,"info":"64 x 64px recommended"},{"type":"header","content":"Top bar"},{"type":"select","id":"header-layout","label":"Layout","options":[{"value":"content-width","label":"Content width"},{"value":"full-width","label":"Full width"}]},{"type":"checkbox","id":"header-border","label":"Show header border","info":"This will appear on all pages except the home page."},{"type":"checkbox","id":"sticky-header","label":"Enable sticky header"},{"type":"checkbox","id":"use-sticky-header-logo","label":"Use sticky header logo"},{"type":"image","id":"sticky-header-logo.png","label":"Logo","max-width":120,"max-height":120,"info":"120 x 120px recommended"},{"type":"header","content":"Mega Navigation"},{"type":"text","id":"mega-nav-trigger","label":"Mega navigation trigger"},{"type":"checkbox","id":"mega-nav-image","label":"Use featured image ([?](http:\/\/help.pixelunion.net\/customer\/portal\/articles\/1840423-grid-theme-documentation#mega-nav-feature))"},{"type":"image","id":"mega-nav-image-default.jpg","label":"Featured image","max-width":480,"max-height":1000,"info":"480 x 1000px recommended"},{"type":"link_list","id":"mega-nav-1","label":"Choose Menu 1"},{"type":"link_list","id":"mega-nav-2","label":"Choose Menu 2"},{"type":"link_list","id":"mega-nav-3","label":"Choose Menu 3"}]},{"name":"Home page","settings":[{"type":"header","content":"Alternative home page layout"},{"type":"checkbox","id":"alternative-index-layout","label":"Enable ([?](http:\/\/help.pixelunion.net\/customer\/portal\/articles\/1840423-grid-theme-documentation#alternate%0A))"},{"type":"header","content":"Alternative layout logo"},{"type":"checkbox","id":"alternative-index-layout-logo","label":"Enable"},{"type":"image","id":"alternative-index-layout-logo.png","info":"120px high recommended","label":"Alternate index layout logo"},{"type":"text","id":"alternative-index-layout-logo-height","label":"Logo height (in pixels)","info":"If you'd like to support retina devices, upload a logo that is twice as tall\/wide as the original and enter a height equal to the height of the original logo (in pixels)."},{"type":"color","id":"alternative-index-layout-title-color","label":"Text logo color","info":"If you're not using a custom logo, this option will set the color of your shop title."}]},{"name":"Home page - slideshow","settings":[{"type":"header","content":"Options"},{"type":"checkbox","id":"slideshow","label":"Enable slideshow"},{"type":"select","id":"slideshow-layout","label":"Layout","options":[{"value":"content-width","label":"Content width"},{"value":"full-width","label":"Full width"}]},{"type":"checkbox","id":"slideshow-autoplay","label":"Auto-rotate slides"},{"type":"select","id":"slideshow-autoplay-delay","label":"Rotation interval","options":[{"value":"2","label":"2 seconds"},{"value":"3","label":"3 seconds"},{"value":"4","label":"4 seconds"},{"value":"5","label":"5 seconds"},{"value":"6","label":"6 seconds"},{"value":"7","label":"7 seconds"},{"value":"8","label":"8 seconds"},{"value":"12","label":"12 seconds"},{"value":"16","label":"16 seconds"},{"value":"20","label":"20 seconds"}]},{"type":"header","content":"Slide 1"},{"type":"checkbox","id":"show-slide-1","label":"Enable"},{"type":"select","id":"slide-1-content-alignment","label":"Align text","options":[{"value":"left","label":"Left"},{"value":"center","label":"Center"},{"value":"right","label":"Right"}]},{"type":"color","id":"slide-1-overlay-color","label":"Overlay text"},{"type":"image","id":"slide-1-image.jpg","label":"Image","max-width":5000,"max-height":9999,"info":"2880 x 1280px recommended"},{"type":"text","id":"slide-1-title","label":"Heading"},{"type":"text","id":"slide-1-subtitle","label":"Subheading"},{"type":"text","id":"slide-1-cta","label":"Button"},{"type":"text","id":"slide-1-url","label":"Link URL"},{"type":"header","content":"Slide 2"},{"type":"checkbox","id":"show-slide-2","label":"Enable"},{"type":"select","id":"slide-2-content-alignment","label":"Align text","options":[{"value":"left","label":"Left"},{"value":"center","label":"Center"},{"value":"right","label":"Right"}]},{"type":"color","id":"slide-2-overlay-color","label":"Overlay text"},{"type":"image","id":"slide-2-image.jpg","label":"Image","max-width":5000,"max-height":9999,"info":"2880 x 1280px recommended"},{"type":"text","id":"slide-2-title","label":"Heading"},{"type":"text","id":"slide-2-subtitle","label":"Subheading"},{"type":"text","id":"slide-2-cta","label":"Button"},{"type":"text","id":"slide-2-url","label":"Link URL"},{"type":"header","content":"Slide 3"},{"type":"checkbox","id":"show-slide-3","label":"Enable"},{"type":"select","id":"slide-3-content-alignment","label":"Align text","options":[{"value":"left","label":"Left"},{"value":"center","label":"Center"},{"value":"right","label":"Right"}]},{"type":"color","id":"slide-3-overlay-color","label":"Overlay text"},{"type":"image","id":"slide-3-image.jpg","label":"Image","max-width":5000,"max-height":9999,"info":"2880 x 1280px recommended"},{"type":"text","id":"slide-3-title","label":"Heading"},{"type":"text","id":"slide-3-subtitle","label":"Subheading"},{"type":"text","id":"slide-3-cta","label":"Button"},{"type":"text","id":"slide-3-url","label":"Link URL"},{"type":"header","content":"Slide 4"},{"type":"checkbox","id":"show-slide-4","label":"Enable"},{"type":"select","id":"slide-4-content-alignment","label":"Align text","options":[{"value":"left","label":"Left"},{"value":"center","label":"Center"},{"value":"right","label":"Right"}]},{"type":"color","id":"slide-4-overlay-color","label":"Overlay text"},{"type":"image","id":"slide-4-image.jpg","label":"Image","max-width":5000,"max-height":9999,"info":"2880 x 1280px recommended"},{"type":"text","id":"slide-4-title","label":"Heading"},{"type":"text","id":"slide-4-subtitle","label":"Subheading"},{"type":"text","id":"slide-4-cta","label":"Button"},{"type":"text","id":"slide-4-url","label":"Link URL"},{"type":"header","content":"Slide 5"},{"type":"checkbox","id":"show-slide-5","label":"Enable"},{"type":"select","id":"slide-5-content-alignment","label":"Align text","options":[{"value":"left","label":"Left"},{"value":"center","label":"Center"},{"value":"right","label":"Right"}]},{"type":"color","id":"slide-5-overlay-color","label":"Overlay text"},{"type":"image","id":"slide-5-image.jpg","label":"Image","max-width":5000,"max-height":9999,"info":"2880 x 1280px recommended"},{"type":"text","id":"slide-5-title","label":"Heading"},{"type":"text","id":"slide-5-subtitle","label":"Subheading"},{"type":"text","id":"slide-5-cta","label":"Button"},{"type":"text","id":"slide-5-url","label":"Link URL"}]},{"name":"Home page - masonry features","settings":[{"type":"header","content":"General"},{"type":"checkbox","id":"masonry-features","label":"Enable masonry features"},{"type":"select","id":"masonry-features-layout","label":"Layout","options":[{"value":"content-width","label":"Content width"},{"value":"full-width","label":"Full width"}]},{"type":"checkbox","id":"masonry-features-gutters","label":"Enable gutters"},{"type":"checkbox","id":"masonry-features-animation","label":"Show hover animation"},{"type":"checkbox","id":"masonry-features-hover-text","label":"Show text only on hover"},{"type":"header","content":"Masonry feature 1"},{"type":"checkbox","id":"masonry-feature-1","label":"Enable"},{"type":"checkbox","id":"masonry-feature-1-mobile","label":"Show on mobile"},{"type":"text","id":"masonry-feature-1-title","label":"Heading"},{"type":"text","id":"masonry-feature-1-subtitle","label":"Subheading"},{"type":"select","id":"masonry-feature-1-text-color","label":"Text color","options":[{"value":"white","label":"White"},{"value":"black","label":"Black"}]},{"type":"text","id":"masonry-feature-1-url","label":"Link URL"},{"type":"checkbox","id":"masonry-feature-1-show-image","label":"Use featured image"},{"type":"image","id":"masonry-feature-1-image.jpg","label":"Image","max-width":2000,"max-height":9999,"info":"1400 x 700px recommended"},{"type":"header","content":"Masonry feature 2"},{"type":"checkbox","id":"masonry-feature-2","label":"Enable"},{"type":"checkbox","id":"masonry-feature-2-mobile","label":"Show on mobile"},{"type":"text","id":"masonry-feature-2-title","label":"Heading"},{"type":"text","id":"masonry-feature-2-subtitle","label":"Subheading"},{"type":"select","id":"masonry-feature-2-text-color","label":"Text color","options":[{"value":"white","label":"White"},{"value":"black","label":"Black"}]},{"type":"text","id":"masonry-feature-2-url","label":"Link URL"},{"type":"checkbox","id":"masonry-feature-2-show-image","label":"Use featured image"},{"type":"image","id":"masonry-feature-2-image.jpg","label":"Image","max-width":2000,"max-height":9999,"info":"1400 x 700px recommended"},{"type":"header","content":"Masonry feature 3"},{"type":"checkbox","id":"masonry-feature-3","label":"Enable"},{"type":"checkbox","id":"masonry-feature-3-mobile","label":"Show on mobile"},{"type":"text","id":"masonry-feature-3-title","label":"Heading"},{"type":"text","id":"masonry-feature-3-subtitle","label":"Subheading"},{"type":"select","id":"masonry-feature-3-text-color","label":"Text color","options":[{"value":"white","label":"White"},{"value":"black","label":"Black"}]},{"type":"text","id":"masonry-feature-3-url","label":"Link URL"},{"type":"checkbox","id":"masonry-feature-3-show-image","label":"Use featured image"},{"type":"image","id":"masonry-feature-3-image.jpg","label":"Image","max-width":2000,"max-height":9999,"info":"1400 x 700px recommended"},{"type":"header","content":"Masonry feature 4"},{"type":"checkbox","id":"masonry-feature-4","label":"Enable"},{"type":"checkbox","id":"masonry-feature-4-mobile","label":"Show on mobile"},{"type":"text","id":"masonry-feature-4-title","label":"Heading"},{"type":"text","id":"masonry-feature-4-subtitle","label":"Subheading"},{"type":"select","id":"masonry-feature-4-text-color","label":"Text color","options":[{"value":"white","label":"White"},{"value":"black","label":"Black"}]},{"type":"text","id":"masonry-feature-4-url","label":"Link URL"},{"type":"checkbox","id":"masonry-feature-4-show-image","label":"Use featured image"},{"type":"image","id":"masonry-feature-4-image.jpg","label":"Image","max-width":2000,"max-height":9999,"info":"1400 x 700px recommended"},{"type":"header","content":"Masonry feature 5"},{"type":"checkbox","id":"masonry-feature-5","label":"Enable"},{"type":"checkbox","id":"masonry-feature-5-mobile","label":"Show on mobile"},{"type":"text","id":"masonry-feature-5-title","label":"Heading"},{"type":"text","id":"masonry-feature-5-subtitle","label":"Subheading"},{"type":"select","id":"masonry-feature-5-text-color","label":"Overlay text color","options":[{"value":"white","label":"White"},{"value":"black","label":"Black"}]},{"type":"text","id":"masonry-feature-5-url","label":"Link URL"},{"type":"checkbox","id":"masonry-feature-5-show-image","label":"Use featured image"},{"type":"image","id":"masonry-feature-5-image.jpg","label":"Image","max-width":2000,"max-height":9999,"info":"1400 x 700px recommended"},{"type":"header","content":"Masonry feature 6"},{"type":"checkbox","id":"masonry-feature-6","label":"Enable"},{"type":"checkbox","id":"masonry-feature-6-mobile","label":"Show on mobile"},{"type":"text","id":"masonry-feature-6-title","label":"Heading"},{"type":"text","id":"masonry-feature-6-subtitle","label":"Subheading"},{"type":"select","id":"masonry-feature-6-text-color","label":"Overlay text color","options":[{"value":"white","label":"White"},{"value":"black","label":"Black"}]},{"type":"text","id":"masonry-feature-6-url","label":"Link URL"},{"type":"checkbox","id":"masonry-feature-6-show-image","label":"Use featured image"},{"type":"image","id":"masonry-feature-6-image.jpg","label":"Image","max-width":2000,"max-height":9999,"info":"1400 x 700px recommended"}]},{"name":"Home page - featured text","settings":[{"type":"checkbox","id":"display-introduction-message","label":"Enable"},{"type":"checkbox","id":"introduction-message-border","label":"Show border"},{"type":"text","id":"introduction-title","label":"Heading"},{"type":"textarea","id":"introduction-tagline","label":"Caption"}]},{"name":"Home page - featured collections","settings":[{"type":"checkbox","id":"featured-collections","label":"Enable featured collections"},{"type":"text","id":"featured-collections-section-title","label":"Section title"},{"type":"header","content":"Collection 1"},{"type":"collection","id":"featured-collection-1","label":"Choose collection"},{"type":"select","id":"featured-collection-1-overlay-color","label":"Heading color","options":[{"value":"white","label":"White"},{"value":"black","label":"Black"}]},{"type":"text","id":"featured-collection-1-subtitle","label":"Subheading"},{"type":"text","id":"featured-collection-1-description","label":"Caption"},{"type":"header","content":"Collection 2"},{"type":"collection","id":"featured-collection-2","label":"Choose collection"},{"type":"select","id":"featured-collection-2-overlay-color","label":"Heading color","options":[{"value":"white","label":"White"},{"value":"black","label":"Black"}]},{"type":"text","id":"featured-collection-2-subtitle","label":"Subheading"},{"type":"text","id":"featured-collection-2-description","label":"Caption"},{"type":"header","content":"Collection 3"},{"type":"collection","id":"featured-collection-3","label":"Choose collection"},{"type":"select","id":"featured-collection-3-overlay-color","label":"Heading color","options":[{"value":"white","label":"White"},{"value":"black","label":"Black"}]},{"type":"text","id":"featured-collection-3-subtitle","label":"Subheading"},{"type":"text","id":"featured-collection-3-description","label":"Caption"}]},{"name":"Home page - featured products","settings":[{"type":"checkbox","id":"featured-products","label":"Enable"},{"type":"text","id":"featured-products-section-title","label":"Heading"},{"type":"collection","id":"featured-products-collection","label":"Choose collection","info":"Products will be pulled from this collection:"},{"type":"select","id":"featured-products-rows","label":"Number of rows","options":[{"value":"1","label":"1"},{"value":"2","label":"2"},{"value":"3","label":"3"},{"value":"4","label":"4"},{"value":"5","label":"5"},{"value":"6","label":"6"},{"value":"7","label":"7"},{"value":"8","label":"8"},{"value":"9","label":"9"},{"value":"10","label":"10"},{"value":"11","label":"11"},{"value":"12","label":"12"}]},{"type":"select","id":"featured-products-per-row","label":"Products per row","options":[{"value":"2","label":"2"},{"value":"3","label":"3"},{"value":"4","label":"4"}]}]},{"name":"Home page - social feeds","settings":[{"type":"text","id":"social-widget-title","label":"Section title"},{"type":"textarea","id":"social-widget-blurb","label":"Section byline"},{"type":"header","content":"Instagram widget"},{"type":"checkbox","id":"instagram-widget","label":"Enable"},{"type":"text","id":"instagram-username","label":"Username","info":"Note: Don't include the '@' symbol."},{"type":"text","id":"instagram-widget-access-token","label":"Access token ([?](http:\/\/instagram.pixelunion.net))"},{"type":"checkbox","id":"use-instagram-tag","label":"Show images with a specific tag"},{"type":"text","id":"instagram-widget-tag","label":"Tag","info":"Note: Don't include the '#' symbol."},{"type":"header","content":"Twitter widget"},{"type":"checkbox","id":"twitter-widget","label":"Enable"},{"type":"text","id":"twitter-username","label":"Username","info":"Note: Don't include the '@' symbol."},{"type":"text","id":"twitter-widget-id","label":"Widget ID ([?](http:\/\/help.pixelunion.net\/customer\/portal\/articles\/1693418-how-do-i-find-my-twitter-widget-id-))"},{"type":"checkbox","id":"twitter-widget-retweets","label":"Show retweets"}]},{"name":"Product page","settings":[{"type":"checkbox","id":"product-vendor","label":"Show vendor name"},{"type":"select","id":"product-images-layout","label":"Product images layout","options":[{"value":"slideshow","label":"Slideshow"},{"value":"list-view","label":"List view"}]},{"type":"checkbox","id":"product-zoom","label":"Enable image zoom","info":"The image zoom functionality only works with the slideshow layout"},{"type":"checkbox","id":"related-products","label":"Show related products"},{"type":"select","id":"related-products-position","label":"Align related products","options":[{"value":"below","label":"Below product info"},{"value":"right","label":"Right of product info"}]},{"type":"checkbox","id":"linked-options","label":"Disable sold out variants"}]},{"name":"Collection page","settings":[{"type":"checkbox","id":"collection-show-featured-image","label":"Show featured image"},{"type":"checkbox","id":"collection-show-description","label":"Show description"},{"type":"checkbox","id":"collection-sorting","label":"Enable sorting","info":"Parameters include: best selling, A-Z, newest to oldest, etc."},{"type":"checkbox","id":"collection-tag-filtering","label":"Enable tag filtering"},{"type":"select","id":"collection-products-per-row","label":"Number of products per row","options":[{"value":"2","label":"2"},{"value":"3","label":"3"},{"value":"4","label":"4"}]},{"type":"select","id":"collection-number-of-rows","label":"Number of rows","options":[{"value":"2","label":"2"},{"value":"3","label":"3"},{"value":"4","label":"4"},{"value":"5","label":"5"},{"value":"6","label":"6"},{"value":"7","label":"7"},{"value":"8","label":"8"},{"value":"9","label":"9"},{"value":"10","label":"10"},{"value":"11","label":"11"},{"value":"12","label":"12"}]},{"type":"header","content":"Product item"},{"type":"select","id":"product-hover","label":"Hover interaction","options":[{"value":"quick-shop","label":"Quick shop"},{"value":"image-flip","label":"Show secondary image"},{"value":"stock-level","label":"Stock level indicator"},{"value":"none","label":"None"}]},{"type":"select","id":"product-stock-level-overlay-threshold","label":"Show stock level indicator when stock is lower than:","options":[{"value":"1","label":"1"},{"value":"2","label":"2"},{"value":"3","label":"3"},{"value":"4","label":"4"},{"value":"5","label":"5"},{"value":"6","label":"6"},{"value":"7","label":"7"},{"value":"8","label":"8"},{"value":"9","label":"9"},{"value":"10","label":"10"}]},{"type":"checkbox","id":"product-badges","label":"Show 'on sale'\/'sold out' badges"},{"type":"checkbox","id":"product-badges-icons","label":"Use icons for product item badges"}]},{"name":"Collections list page","settings":[{"type":"paragraph","content":"These settings affect the content located at \/collections."},{"type":"checkbox","id":"collections-show-description","label":"Show description"}]},{"name":"Cart page","settings":[{"type":"header","content":"Order Notes"},{"type":"checkbox","id":"cart-special-instructions","label":"Enable"},{"type":"text","id":"cart-special-instructions-placeholder","label":"Placeholder text"},{"type":"paragraph","content":"The order notes option gives your customers the ability to offer special instructions for shipping on checkout."},{"type":"header","content":"Shipping note"},{"type":"checkbox","id":"cart-show-shipping-note","label":"Enable"},{"type":"paragraph","content":"The shipping note allows you to display text stating that the cart total does not include taxes or shipping. This text appears just below your cart total, and you can adjust the wording of it through your theme’s language settings."},{"type":"header","content":"Shipping rate calculator"},{"type":"checkbox","id":"shipping-calculator","label":"Enable"},{"type":"text","id":"shipping_calculator_default_country","label":"Default country","default":"United States"}]},{"name":"Blog page","settings":[{"type":"header","content":"Index"},{"type":"checkbox","id":"blog-tag-filter","label":"Show tag filter"},{"type":"checkbox","id":"blog-rss-icon","label":"Show subscribe link"},{"type":"header","content":"Promotional Image"},{"type":"checkbox","id":"blog-promo","label":"Enable"},{"type":"text","id":"blog-promo-cta","label":"Button text"},{"type":"text","id":"blog-promo-subtitle","label":"Subtitle"},{"type":"text","id":"blog-promo-url","label":"Link URL"},{"type":"image","id":"blog-promo-image.jpg","label":"Image","max-width":9999,"max-height":9999,"info":"570px wide recommended minimum"},{"type":"header","content":"Articles"},{"type":"checkbox","id":"article-comment-count","label":"Show comment count"},{"type":"checkbox","id":"article-tags","label":"Show tags"},{"type":"checkbox","id":"article-author","label":"Show post author"},{"type":"checkbox","id":"article-author-avatar","label":"Show post author avatar","info":"We pull author avatars from Gravatar. [More info](http:\/\/docs.shopify.com\/manual\/settings\/account\/staff-members#change-staff-account-picture)"},{"type":"checkbox","id":"article-comment-author-avatar","label":"Show avatars on post comments"}]},{"name":"Social media","settings":[{"type":"header","content":"Accounts"},{"type":"text","id":"social-facebook-link","label":"Facebook","info":"https:\/\/www.facebook.com\/shopify"},{"type":"text","id":"social-twitter-link","label":"Twitter","info":"https:\/\/twitter.com\/shopify"},{"type":"text","id":"social-pinterest-link","label":"Pinterest","info":"https:\/\/www.pinterest.com\/shopify"},{"type":"text","id":"social-instagram-link","label":"Instagram","info":"https:\/\/instagram.com\/shopify"},{"type":"text","id":"social-googleplus-link","label":"Google+","info":"https:\/\/plus.google.com\/+shopify"},{"type":"text","id":"social-tumblr-link","label":"Tumblr","info":"http:\/\/shopify.tumblr.com"},{"type":"text","id":"social-youtube-link","label":"Youtube","info":"https:\/\/www.youtube.com\/user\/shopify"},{"type":"text","id":"social-vimeo-link","label":"Vimeo","info":"https:\/\/vimeo.com\/shopify"},{"type":"text","id":"social-kickstarter-link","label":"Kickstarter","info":"https:\/\/kickstarter.com\/shopify"},{"type":"text","id":"social-email-link","label":"Email address","info":"info@pixelunion.net"},{"type":"header","content":"Sharing"},{"type":"checkbox","id":"share-widget-facebook","label":"Share on Facebook"},{"type":"checkbox","id":"share-widget-twitter","label":"Tweet on Twitter"},{"type":"checkbox","id":"share-widget-pinterest","label":"Pin on Pinterest"},{"type":"checkbox","id":"share-widget-fancy","label":"Add to Fancy"},{"type":"checkbox","id":"share-widget-google-plus","label":"+1 on Google+"},{"type":"checkbox","id":"share-widget-email","label":"Enable email"},{"type":"header","content":"Show sharing icons"},{"type":"checkbox","id":"product-share-buttons","label":"Show share icons on product page"},{"type":"checkbox","id":"article-share-buttons","label":"Show share icons on blog"}]},{"name":"Newsletter","settings":[{"type":"checkbox","id":"mailing-list","label":"Enable"},{"type":"select","id":"mailing-list-platform","label":"Platform","options":[{"value":"mailchimp","label":"MailChimp"},{"value":"campaign-monitor","label":"Campaign Monitor"}]},{"type":"text","id":"mailing-list-title","label":"Title"},{"type":"text","id":"mailing-list-action-url","label":"Form 'action' URL ([?](http:\/\/help.pixelunion.net\/customer\/portal\/articles\/1840423-grid-theme-documentation#newsletter))"},{"type":"text","id":"campaign-monitor-name","label":"Campaign Monitor input 'name'"}]},{"name":"Footer","settings":[{"type":"checkbox","id":"footer-headers","label":"Show footer headings"},{"type":"link_list","id":"footer-linklist-1","label":"Choose menu 1"},{"type":"link_list","id":"footer-linklist-2","label":"Choose menu 2"},{"type":"checkbox","id":"footer-social-links","label":"Show social links"},{"type":"checkbox","id":"footer-payment-options","label":"Show payment icons"},{"type":"header","content":"Footer content"},{"type":"text","id":"footer-text-title","label":"Heading"},{"type":"textarea","id":"footer-text-content","label":"Content"}]},{"name":"Currency","settings":[{"type":"checkbox","id":"currency-switcher","label":"Enable currency conversion","default":true,"info":"Even though prices are displayed in different currencies, orders will still be processed in your store's currency."},{"type":"select","id":"currency-switcher-format","label":"Format","options":[{"value":"money_format","label":"Without currency ($10.00)"},{"value":"money_with_currency_format","label":"With currency ($10.00 CAD)"}],"default":"money_with_currency_format"},{"type":"text","id":"currency-switcher-supported-currencies","label":"Supported currencies","default":"INR GBP CAD USD AUD EUR JPY","info":"Use the country's ISO [currency code](http:\/\/www.xe.com\/iso4217.php). Separate your currency codes with a space."},{"type":"text","id":"default_currency","label":"Default currency","default":"USD"}]}]